Person1,Person2
0,41
0,110
0,272
0,368
0,490
0,526
0,598
0,706
0,716
0,787
0,874
0,895
0,955
0,988
1,101
1,267
1,446
1,521
1,676
1,780
1,870
1,992
2,175
2,229
2,329
2,358
2,414
2,456
2,473
2,550
2,567
2,616
2,663
2,684
2,834
3,47
3,255
3,283
3,409
3,424
3,539
3,623
3,632
3,687
4,175
4,287
4,322
4,363
4,387
4,836
4,896
4,939
4,983
5,72
5,118
5,214
5,439
5,462
5,777
5,835
5,868
6,15
6,16
6,109
6,121
6,155
6,221
6,398
6,450
6,546
6,570
6,591
6,592
6,879
6,925
7,12
7,89
7,312
7,638
7,762
7,815
7,896
7,906
8,204
8,285
8,316
8,335
8,382
8,602
8,759
8,769
8,776
8,816
9,185
9,444
9,488
9,519
9,520
9,532
9,921
9,928
10,73
10,152
10,170
10,271
10,335
10,496
10,553
10,561
10,749
10,831
10,992
10,996
11,306
11,331
11,472
11,528
11,572
11,618
11,668
11,769
12,58
12,90
12,97
12,172
12,384
12,424
12,515
12,571
13,99
13,115
13,121
13,326
13,431
13,451
13,555
13,603
13,764
14,107
14,241
14,271
14,376
14,513
14,613
14,873
14,930
15,201
15,207
15,365
15,403
15,856
15,884
15,909
15,924
15,962
16,93
16,268
16,345
16,373
16,435
16,460
16,468
16,500
16,517
16,543
16,575
16,629
16,673
16,853
16,921
17,104
17,111
17,357
17,430
17,439
17,487
17,841
17,913
18,335
18,339
18,420
18,454
18,468
18,618
19,28
19,411
19,517
19,611
19,771
19,773
19,836
19,991
20,70
20,127
20,303
20,380
20,440
20,582
20,664
20,681
20,726
20,772
20,788
20,802
20,822
20,937
20,948
21,71
21,78
21,99
21,128
21,212
21,270
21,580
21,748
21,750
21,915
22,73
22,177
22,386
22,469
22,498
22,541
22,556
22,642
22,781
22,796
22,853
23,26
23,192
23,235
23,321
23,362
23,400
23,600
23,717
23,733
23,853
23,908
23,921
24,223
24,316
24,344
24,380
24,426
24,439
24,474
24,702
24,758
24,873
24,917
24,921
24,957
25,40
25,41
25,75
25,79
25,217
25,256
25,293
25,314
25,565
25,605
25,662
25,740
25,806
26,122
26,147
26,158
26,381
26,420
26,611
26,851
26,864
27,139
27,227
27,477
27,558
27,678
27,830
27,866
27,913
27,940
28,49
28,212
28,518
28,532
28,618
28,622
28,704
28,770
28,859
29,266
29,281
29,331
29,554
29,729
29,894
29,899
29,920
30,57
30,118
30,437
30,608
30,722
30,800
30,825
30,853
30,862
30,904
30,943
31,233
31,241
31,269
31,386
31,445
31,646
31,959
31,969
31,987
31,990
32,62
32,124
32,158
32,206
32,273
32,440
32,540
32,574
32,789
32,934
33,304
33,326
33,662
33,667
33,706
33,913
34,78
34,118
34,135
34,161
34,179
34,250
34,274
34,430
34,577
34,671
34,889
34,893
34,902
34,911
35,99
35,109
35,120
35,368
35,750
35,816
35,938
36,60
36,234
36,239
36,258
36,347
36,552
36,881
36,951
37,129
37,191
37,264
37,768
37,780
37,906
37,938
38,232
38,532
38,539
38,567
38,801
38,856
38,978
39,309
39,338
39,438
39,447
39,496
39,528
39,764
40,70
40,115
40,188
40,212
40,229
40,350
40,416
40,553
40,743
40,816
41,99
41,102
41,188
41,444
41,540
41,584
41,587
41,632
41,735
41,778
41,832
41,952
42,84
42,213
42,237
42,279
42,285
42,371
42,469
42,480
42,561
42,595
42,632
42,726
43,100
43,335
43,347
43,933
44,198
44,271
44,461
44,484
44,563
44,576
44,610
44,807
44,809
44,820
44,956
45,328
45,484
45,779
46,47
46,48
46,276
46,333
46,362
46,448
46,461
46,836
46,915
47,166
47,246
47,290
47,338
47,394
47,417
47,470
47,693
47,713
47,786
47,835
47,838
47,916
47,966
47,968
47,985
48,224
48,392
48,730
48,786
48,988
49,101
49,144
49,184
49,412
49,421
49,509
49,639
49,647
49,925
49,983
50,143
50,188
50,212
50,408
50,639
50,718
50,771
50,991
51,280
51,515
51,735
51,759
51,962
51,976
52,112
52,132
52,233
52,245
52,272
52,310
52,477
52,536
52,568
52,630
52,644
52,705
52,757
52,772
52,862
52,875
52,962
53,166
53,364
53,410
53,426
53,435
53,586
53,646
53,878
54,249
54,479
54,540
54,562
54,583
54,624
54,663
54,833
55,72
55,179
55,264
55,507
55,559
55,588
55,774
55,966
56,71
56,131
56,228
56,276
56,342
56,359
56,734
56,748
56,997
57,159
57,261
57,413
57,420
57,652
57,904
58,171
58,243
58,294
58,341
58,401
58,583
58,611
58,713
58,802
58,803
58,967
58,978
58,992
59,196
59,223
59,231
59,511
59,643
59,737
60,85
60,173
60,228
60,285
60,310
60,361
60,409
60,496
60,655
60,850
60,912
61,267
61,395
61,498
61,605
61,624
61,629
61,633
61,673
61,751
61,810
61,846
61,916
62,144
62,236
62,317
62,344
62,369
62,497
62,884
62,891
63,207
63,294
63,302
63,392
63,449
63,596
63,637
63,646
63,705
63,814
63,913
63,964
64,171
64,219
64,256
64,261
64,377
64,380
64,384
64,597
64,691
64,888
65,193
65,254
65,382
65,392
65,458
65,543
65,627
65,664
65,787
65,848
66,162
66,177
66,248
66,260
66,266
66,309
66,345
66,353
66,406
66,467
66,583
66,614
66,901
66,903
66,949
67,242
67,276
67,419
67,434
67,731
67,794
67,850
68,310
68,407
68,434
68,549
68,604
68,680
68,792
68,963
68,976
69,213
69,244
69,321
69,367
69,504
69,585
69,599
69,674
69,884
69,924
69,979
70,88
70,89
70,304
70,334
70,450
70,466
70,487
70,638
70,678
70,766
70,830
71,201
71,249
71,567
71,572
71,611
71,646
71,652
71,718
71,736
71,784
71,798
71,811
71,858
72,184
72,496
72,792
72,938
72,982
73,204
73,328
73,366
73,423
73,459
73,514
73,536
73,551
73,672
73,709
73,787
73,804
73,805
73,852
73,958
74,128
74,157
74,252
74,293
74,336
74,372
74,443
74,533
75,87
75,177
75,631
75,658
75,709
75,717
75,725
75,743
75,859
76,77
76,82
76,90
76,160
76,195
76,242
76,392
76,417
77,137
77,251
77,342
77,376
77,498
77,545
77,635
77,672
77,780
77,812
78,109
78,145
78,191
78,218
78,454
78,466
78,586
78,721
78,758
78,780
78,785
78,800
78,865
78,925
79,96
79,371
79,680
79,759
79,760
79,837
79,888
79,967
80,222
80,409
80,490
80,585
80,659
80,939
81,115
81,432
81,482
81,719
81,720
81,749
81,781
81,800
81,957
81,958
81,964
81,999
82,121
82,139
82,213
82,227
82,252
82,303
82,305
82,685
82,686
82,714
82,859
82,902
83,552
83,816
84,123
84,140
84,143
84,223
84,267
84,413
84,481
84,509
84,537
84,629
84,652
84,667
84,841
84,950
85,182
85,199
85,506
85,571
85,683
85,711
85,737
85,780
85,817
85,837
85,913
86,101
86,154
86,347
86,427
86,431
86,515
86,624
86,743
86,807
87,248
87,249
87,297
87,614
87,671
87,672
87,696
87,869
87,932
88,103
88,145
88,290
88,313
88,424
88,725
88,745
88,809
88,862
88,906
88,934
88,977
89,102
89,199
89,377
89,544
89,634
89,644
89,828
89,949
89,996
90,154
90,302
90,337
90,339
90,551
90,839
90,952
91,251
91,281
91,302
91,353
91,460
91,515
91,687
91,730
91,791
91,815
92,244
92,256
92,405
92,425
92,466
92,675
92,902
92,939
93,377
93,548
93,592
93,887
93,891
94,128
94,238
94,295
94,382
94,405
94,480
94,705
94,739
94,829
95,330
95,601
95,686
95,726
96,115
96,134
96,144
96,145
96,192
96,279
96,305
96,759
96,971
97,239
97,240
97,249
97,311
97,326
97,340
97,643
97,826
97,937
98,565
98,791
98,909
98,967
99,171
99,175
99,270
99,316
99,348
99,356
99,473
99,722
99,838
99,968
100,120
100,180
100,391
100,495
100,644
100,674
100,690
100,828
100,880
100,895
100,947
101,134
101,248
101,278
101,306
101,513
101,587
101,696
102,297
102,486
102,496
102,563
102,568
102,939
102,986
103,146
103,150
103,228
103,300
103,395
103,402
103,454
103,659
103,743
103,765
103,789
103,801
103,913
103,986
104,182
104,377
104,617
104,647
104,807
104,826
104,856
104,921
104,990
105,123
105,159
105,162
105,274
105,527
105,591
105,858
105,864
106,124
106,306
106,340
106,350
106,372
106,443
106,839
106,936
106,940
107,322
107,549
107,600
107,641
107,642
107,659
107,690
107,844
107,867
107,907
108,127
108,294
108,580
108,672
108,934
108,943
109,185
109,383
109,423
109,499
109,616
109,739
109,806
109,980
110,243
110,534
110,614
110,638
110,807
110,880
110,891
111,152
111,155
111,564
111,750
111,890
111,927
111,932
111,935
112,157
112,176
112,324
112,498
112,544
112,637
112,744
112,776
112,778
112,980
113,247
113,332
113,565
113,571
113,630
113,653
114,451
114,493
114,687
115,250
115,260
115,281
115,300
115,415
115,572
115,603
115,757
115,768
115,840
115,878
115,900
115,969
115,998
116,170
116,220
116,308
116,310
116,320
116,594
116,689
116,988
117,127
117,211
117,254
117,365
117,413
117,434
117,592
117,723
117,954
118,139
118,205
118,324
118,334
118,457
118,481
118,630
118,655
118,862
119,215
119,310
119,649
119,801
119,884
119,910
120,415
120,437
120,507
120,894
121,136
121,152
121,435
121,450
121,489
121,691
121,703
121,868
122,542
122,686
122,715
122,717
122,730
122,734
122,813
122,863
122,888
122,911
123,179
123,221
123,319
123,374
123,462
123,558
124,140
124,168
124,381
124,427
125,239
125,352
125,421
125,462
125,482
125,520
125,669
125,677
125,682
125,696
125,839
125,898
126,217
126,366
126,368
126,384
126,489
126,690
126,701
126,986
127,181
127,225
127,265
127,286
127,419
127,537
127,795
128,313
128,315
128,523
128,534
128,747
128,826
129,141
129,336
129,373
129,397
129,592
129,726
129,959
130,135
130,167
130,307
130,322
130,425
130,640
130,679
131,328
131,339
131,445
131,549
131,595
131,742
131,774
131,796
131,801
131,862
131,954
132,204
132,499
132,608
132,610
132,660
132,747
132,904
133,264
133,376
133,459
133,817
133,874
133,906
133,915
134,157
134,302
134,359
134,619
134,636
134,637
134,689
134,787
134,953
135,262
135,555
135,616
135,723
135,840
136,169
136,347
136,370
136,535
136,585
136,600
136,637
136,800
136,904
136,975
137,184
137,215
137,369
137,379
137,419
137,560
137,633
137,678
137,709
137,763
137,764
137,810
137,831
137,907
137,916
137,921
137,991
138,210
138,266
138,391
138,517
138,626
139,183
139,185
139,198
139,220
139,344
139,455
139,469
139,705
139,776
139,826
139,917
139,937
139,939
139,961
139,980
140,164
140,601
140,821
140,856
140,881
140,928
140,930
140,967
140,983
141,206
141,254
141,364
141,834
141,843
141,943
141,991
142,195
142,236
142,308
142,396
142,430
142,579
142,621
142,683
142,734
142,876
142,951
143,153
143,198
143,238
143,542
143,906
143,914
143,966
144,197
144,211
144,298
144,374
144,464
144,492
144,534
144,594
144,889
144,996
145,283
145,505
145,543
145,618
145,815
145,868
145,931
145,933
145,990
145,998
146,185
146,319
146,684
146,767
146,791
146,935
146,979
147,216
147,219
147,229
147,299
147,417
147,422
147,505
147,536
147,693
147,950
147,961
148,222
148,285
148,522
148,568
148,725
148,870
149,150
149,369
149,589
149,672
149,681
149,685
149,790
149,811
149,925
149,972
150,522
150,807
151,264
151,302
151,415
151,809
151,810
151,928
151,984
152,228
152,315
152,464
152,664
152,699
152,875
153,166
153,272
153,446
153,457
153,520
153,618
153,975
153,978
154,188
154,228
154,422
154,448
154,501
154,820
155,341
155,495
155,513
155,647
155,692
155,711
155,765
155,804
155,822
155,911
155,927
156,195
156,235
156,371
156,408
156,477
156,535
156,555
156,852
156,873
157,191
157,431
157,640
157,739
157,753
157,824
157,825
157,857
157,862
157,909
157,965
157,967
158,215
158,301
158,417
158,422
158,595
158,630
158,635
158,638
158,869
159,275
159,324
159,448
159,513
159,551
159,712
160,188
160,495
160,512
160,552
160,630
160,637
160,639
160,685
160,823
161,201
161,584
161,867
161,909
162,197
162,245
162,468
162,563
162,707
162,716
162,733
162,960
162,965
162,992
163,184
163,192
163,374
163,440
163,845
163,953
163,958
163,977
163,988
164,167
164,337
164,429
164,489
164,546
164,674
164,716
164,732
164,969
164,980
165,179
165,196
165,303
165,322
165,539
165,665
165,669
165,704
165,792
165,811
165,944
166,208
166,303
166,449
166,678
166,693
166,754
166,819
166,903
167,259
167,281
167,375
167,388
167,420
167,475
167,476
167,502
167,725
167,884
167,948
168,173
168,188
168,465
168,525
168,910
168,941
168,959
169,259
169,426
169,602
169,640
169,816
169,882
169,933
170,248
170,275
170,282
170,373
170,391
170,493
170,705
170,756
170,853
170,969
171,276
171,281
171,294
171,402
171,409
171,455
171,614
171,648
171,651
171,823
171,826
171,856
172,198
172,222
172,277
172,310
172,320
172,389
172,417
172,615
172,724
172,973
172,990
173,229
173,475
173,504
173,645
173,733
173,789
173,925
174,222
174,563
174,599
174,689
174,746
174,990
175,275
175,372
175,394
175,397
175,501
175,533
175,546
175,659
175,723
175,839
175,965
176,372
176,496
176,624
176,738
176,897
176,916
176,926
177,308
177,572
177,701
177,766
177,867
178,188
178,231
178,328
178,516
178,529
178,612
178,801
178,805
178,859
178,941
179,291
179,311
179,339
179,455
179,504
179,673
179,733
179,739
179,827
179,967
179,981
180,284
180,704
180,869
180,881
180,899
180,912
180,952
181,504
181,992
182,267
182,320
182,331
182,342
182,345
182,373
182,447
182,546
182,596
182,851
183,327
183,454
183,506
183,760
183,775
183,882
183,883
183,906
183,917
183,975
184,284
184,505
184,529
184,634
184,858
184,877
185,299
185,327
185,343
185,383
185,850
185,867
185,975
186,202
186,277
186,329
186,362
186,411
186,427
186,504
186,566
186,575
186,582
186,655
186,810
187,267
187,347
187,398
187,521
187,537
187,583
187,625
187,802
187,840
188,209
188,232
188,273
188,452
188,511
188,616
188,619
188,743
188,793
189,546
189,577
189,604
189,607
190,242
190,310
190,382
190,386
190,430
190,439
190,681
190,916
190,993
191,268
191,271
191,366
191,630
191,745
191,815
191,830
191,877
191,884
191,939
191,948
192,301
192,509
192,551
192,576
192,939
193,332
193,560
193,687
193,750
193,839
193,960
194,455
194,518
194,529
194,731
194,733
194,811
195,297
195,317
195,386
195,436
195,604
195,756
195,815
195,822
195,823
195,896
196,235
196,362
196,396
196,443
196,445
196,470
196,527
196,634
196,650
196,666
196,909
196,975
197,391
197,441
197,606
197,644
197,680
197,759
197,773
197,792
197,862
197,883
197,952
198,214
198,221
198,301
198,351
198,497
198,598
198,656
198,727
198,735
198,736
198,934
199,257
199,353
199,402
199,419
199,443
199,553
199,672
199,721
199,933
200,276
200,290
200,301
200,368
200,469
200,590
200,718
200,738
200,754
200,794
201,235
201,467
201,485
201,539
201,608
201,708
201,773
201,780
201,799
201,846
201,926
201,984
202,222
202,337
202,534
202,648
202,883
202,884
203,334
203,373
203,381
203,467
203,546
203,551
203,579
203,644
203,672
203,710
203,881
204,206
204,232
204,261
204,289
204,470
204,479
204,524
204,681
204,777
204,784
204,823
205,241
205,282
205,500
205,532
205,543
205,613
205,661
205,690
205,716
205,793
205,961
206,527
206,594
206,727
206,744
206,783
206,953
207,466
207,480
207,503
207,535
207,666
208,288
208,292
208,332
208,375
208,445
208,519
208,562
208,764
208,772
208,859
208,865
208,959
209,365
209,477
209,550
209,577
209,722
209,775
209,825
210,326
210,692
210,750
210,891
211,219
211,357
211,402
211,480
211,519
211,575
211,696
211,802
211,965
212,235
212,255
212,407
212,471
212,648
212,755
212,927
213,238
213,349
213,372
213,538
213,840
214,286
214,320
214,566
214,822
214,959
215,316
215,425
215,550
215,611
215,744
215,783
215,784
215,794
215,850
215,929
215,932
216,237
216,286
216,386
216,389
216,578
216,616
216,619
216,721
216,809
216,865
216,978
217,276
217,328
217,334
217,337
217,624
217,703
217,746
217,904
218,231
218,371
218,399
218,716
218,824
218,855
218,859
218,959
219,418
219,563
219,570
219,679
219,823
219,904
219,952
220,463
220,599
220,725
220,726
220,819
220,927
220,954
221,283
221,297
221,694
221,848
221,985
222,307
222,441
222,486
222,593
222,744
222,917
222,987
222,999
223,421
223,437
223,503
223,529
223,631
223,644
223,709
223,726
223,744
223,802
223,910
223,971
224,399
224,503
224,678
224,682
224,696
224,803
224,805
225,236
225,267
225,306
225,347
225,956
226,335
226,448
226,467
226,640
226,818
226,927
227,243
227,359
227,383
227,452
227,586
227,792
227,805
227,860
227,871
227,887
227,978
228,522
228,593
228,607
228,619
228,749
228,925
229,253
229,507
229,634
229,650
229,808
229,997
230,387
230,589
230,690
230,819
230,855
230,989
231,281
231,354
231,589
231,645
231,767
231,788
231,947
232,273
232,344
232,371
232,378
232,477
232,547
232,722
232,771
232,780
232,857
233,344
233,368
233,481
233,513
233,538
233,556
233,664
233,830
233,865
233,937
234,269
234,280
234,366
234,369
234,488
234,697
234,767
234,906
234,920
234,960
234,994
235,381
235,635
235,809
235,964
236,407
236,430
236,469
236,486
236,512
236,542
236,553
236,625
236,920
236,956
236,976
237,347
237,352
237,552
237,646
237,660
237,714
237,759
237,839
238,249
238,316
238,395
238,474
238,491
238,527
238,560
238,593
238,695
238,738
239,424
239,457
239,578
239,630
239,654
239,933
240,334
240,522
240,568
240,717
240,741
240,743
240,759
240,768
240,777
240,830
240,845
240,988
240,998
241,337
241,353
241,453
241,634
241,708
241,757
241,872
241,887
241,949
242,322
242,391
242,664
242,677
243,271
243,503
243,596
243,624
243,756
243,763
243,765
243,766
243,830
244,688
244,695
244,947
245,443
245,556
245,588
245,603
245,641
245,695
245,833
246,284
246,442
246,472
246,687
246,879
246,895
246,993
247,254
247,326
247,348
247,397
247,772
247,849
247,923
247,987
248,373
248,416
248,488
248,577
248,607
248,643
248,761
248,899
248,906
248,911
249,284
249,294
249,329
249,426
249,440
249,509
249,511
249,530
249,674
249,675
249,865
249,887
249,923
250,280
250,296
250,337
250,494
250,677
250,685
250,809
250,810
250,850
250,853
250,911
251,432
251,434
251,495
251,585
251,696
251,756
251,910
252,335
252,362
252,407
252,458
252,527
252,564
252,748
252,913
252,961
252,986
253,383
253,398
253,410
253,417
253,443
253,511
253,571
253,780
253,783
253,837
254,292
254,335
254,391
254,564
254,573
255,269
255,429
255,443
255,671
255,828
256,296
256,413
257,333
257,356
257,402
257,494
257,587
257,669
257,733
257,954
258,327
258,414
258,502
258,595
258,681
258,761
258,786
258,827
259,477
259,516
259,589
259,719
259,728
259,761
259,855
259,981
260,333
260,661
260,735
260,763
260,814
261,272
261,464
261,540
261,565
261,619
261,637
261,725
261,740
262,352
262,497
262,530
262,649
262,957
263,567
263,577
263,585
263,649
263,997
264,272
264,297
264,370
264,413
264,507
264,611
264,627
264,872
264,935
264,949
265,345
265,353
265,524
265,556
265,597
265,788
265,904
266,275
266,282
266,300
266,322
266,449
266,535
266,633
266,636
266,728
266,833
266,908
266,954
267,472
267,522
267,537
267,632
267,733
267,968
268,421
268,453
268,462
268,508
268,561
268,562
268,615
268,790
268,941
269,401
269,737
269,772
269,958
270,307
270,471
270,584
270,689
270,781
270,841
270,887
270,892
271,423
271,945
272,304
272,387
272,525
272,548
272,565
272,666
272,668
273,311
273,326
273,330
273,359
273,545
273,596
273,625
273,627
273,727
273,787
273,803
273,831
273,886
273,902
274,443
274,785
274,899
274,926
275,311
275,313
275,443
275,500
275,514
275,658
275,667
275,714
275,743
275,753
275,945
275,999
276,522
276,652
276,789
277,289
277,290
277,439
277,522
277,566
277,712
277,759
277,798
278,287
278,394
278,455
278,611
278,706
278,756
278,778
278,781
278,841
279,336
279,444
279,487
279,569
279,627
279,634
279,707
279,829
279,917
279,940
280,506
280,570
280,610
280,724
280,759
280,807
280,808
280,888
280,903
281,319
281,334
281,352
281,421
281,438
281,486
281,528
281,783
281,839
281,984
281,999
282,283
282,469
282,557
282,654
282,770
282,856
282,966
283,292
283,311
283,394
283,456
283,597
283,598
283,632
283,700
283,709
283,837
283,855
283,870
283,951
283,987
283,989
284,377
284,425
284,553
284,706
284,792
284,891
285,429
285,433
285,578
285,637
285,669
286,308
286,581
287,402
287,459
287,551
287,594
287,871
287,940
288,293
288,308
288,346
288,460
288,543
288,627
288,658
288,806
289,298
289,424
289,719
289,744
289,904
289,927
289,929
290,341
290,406
290,513
290,556
290,719
290,721
290,853
290,857
290,873
291,314
291,454
291,618
291,645
292,592
292,705
292,779
292,991
293,485
293,652
293,656
293,696
293,705
293,857
294,316
294,344
294,548
294,573
294,596
294,750
294,873
295,314
295,356
295,676
295,795
295,821
296,400
296,429
296,543
296,579
296,622
296,690
296,807
296,907
296,916
296,930
297,370
297,584
297,855
297,883
297,930
297,993
298,386
298,447
298,548
298,585
298,667
298,815
298,897
299,312
300,393
300,394
300,425
300,463
300,693
300,793
300,805
300,892
300,956
300,989
301,388
301,475
301,626
301,674
301,679
301,956
301,973
302,321
302,383
302,564
302,589
302,743
302,835
303,324
303,539
303,542
303,576
303,583
303,654
303,722
303,935
303,991
304,402
304,701
304,775
304,784
304,942
305,338
305,409
305,416
305,480
305,489
305,507
305,547
305,740
306,322
306,447
306,500
306,570
306,655
306,845
307,316
307,399
307,475
307,499
307,771
307,783
307,862
307,872
307,923
307,981
308,339
308,343
308,576
308,749
308,766
308,777
308,858
308,864
308,869
308,885
309,312
309,379
309,561
309,658
309,664
310,358
310,417
310,771
311,424
311,903
312,425
312,575
312,597
312,750
312,846
312,934
313,450
313,639
313,725
313,777
313,850
314,736
314,742
314,754
314,890
314,908
314,966
315,436
315,464
315,479
315,498
315,563
315,716
315,762
315,836
315,926
315,957
316,370
316,517
316,541
316,549
316,612
316,755
316,772
316,808
316,813
316,843
316,851
316,946
316,994
317,481
317,491
317,705
317,870
317,872
317,900
317,942
317,986
318,375
318,414
318,463
318,956
318,974
319,428
319,537
319,628
319,714
319,727
319,822
319,832
319,840
319,869
319,927
319,936
319,967
319,988
320,609
320,686
320,720
320,835
321,368
321,373
321,508
321,541
321,633
321,708
321,739
321,809
322,373
322,438
322,587
322,671
322,844
322,931
322,956
323,389
323,390
323,788
323,965
324,460
324,513
324,688
324,973
324,992
325,336
325,482
325,802
325,890
325,916
325,976
326,449
326,606
326,809
326,927
326,991
327,334
327,454
327,644
327,793
327,943
327,998
328,445
328,864
328,881
329,467
329,584
329,632
329,649
329,687
329,693
329,699
329,735
329,917
329,957
330,366
330,466
330,482
330,533
330,552
330,605
330,646
330,668
330,856
331,498
331,587
331,627
331,710
331,815
331,912
331,995
332,510
332,602
332,843
333,344
333,424
333,428
333,466
333,672
333,678
333,694
333,743
333,856
334,750
334,855
335,451
335,474
335,475
335,518
335,592
335,827
335,831
335,845
335,885
335,887
335,893
335,937
335,940
336,452
336,678
336,699
336,700
336,774
336,849
337,354
337,370
337,421
337,426
337,461
337,726
337,742
337,744
337,953
337,964
338,384
338,603
338,651
338,919
339,427
339,500
339,956
340,342
340,441
340,757
340,828
341,665
341,722
341,836
341,886
341,980
342,345
342,351
342,355
342,472
342,743
342,782
342,900
342,964
342,968
342,970
342,971
343,677
343,768
343,776
343,851
343,993
344,588
344,840
344,853
344,901
344,910
344,964
345,410
345,449
345,488
345,508
345,742
345,873
345,916
346,408
346,424
346,477
346,584
346,609
346,644
346,699
346,719
346,725
346,741
347,760
347,764
347,800
347,838
347,867
347,870
347,892
348,472
348,584
348,670
348,737
348,771
348,883
349,458
349,528
349,614
349,645
349,735
349,766
349,845
349,875
349,963
350,491
350,615
350,732
350,946
351,500
351,608
351,613
351,669
351,841
352,365
352,399
352,528
352,692
352,878
352,881
352,918
352,959
353,479
353,572
353,591
353,685
353,718
353,760
353,819
353,835
353,846
353,860
353,945
354,494
354,632
354,747
354,808
354,850
354,911
354,946
354,976
355,534
355,569
355,644
355,657
355,777
355,835
355,869
356,423
356,534
356,541
356,574
356,611
357,366
357,391
357,409
357,437
357,653
357,770
357,808
357,873
358,549
358,589
358,591
358,610
358,621
358,794
358,890
358,939
359,478
359,492
359,685
359,862
359,940
359,958
360,534
360,548
360,645
360,726
360,828
361,385
361,445
361,452
361,492
361,605
361,857
361,951
362,431
362,765
362,828
362,971
363,404
363,512
363,790
363,905
363,919
363,970
364,405
364,473
364,478
364,589
364,603
364,750
364,777
364,856
364,921
364,990
365,372
365,576
365,661
365,839
365,877
365,923
366,376
366,417
366,731
366,788
366,807
366,924
367,424
367,581
367,736
367,770
367,777
367,804
367,830
368,413
368,420
368,738
368,852
368,873
369,452
369,722
369,770
369,807
370,383
370,465
370,537
370,563
370,603
370,672
370,867
370,919
371,450
371,555
371,766
371,836
371,898
372,377
372,380
372,520
372,536
372,648
372,657
372,724
372,915
372,950
373,381
373,730
373,791
373,825
373,983
374,537
374,541
374,547
374,657
374,897
375,760
376,461
376,639
376,702
376,803
377,404
377,420
377,466
377,544
377,652
377,672
377,675
377,764
377,798
378,399
378,449
378,772
378,871
378,936
378,989
379,511
379,584
379,635
379,667
380,720
380,756
380,944
381,411
381,501
381,576
381,664
381,740
381,756
381,805
381,932
382,485
382,559
382,584
382,630
382,733
382,747
382,810
382,866
382,871
383,929
383,952
384,470
384,815
385,529
385,719
385,838
385,901
385,944
385,951
386,513
386,587
386,741
386,849
386,861
387,430
387,572
387,694
387,760
387,954
388,402
388,889
388,992
390,503
390,625
390,753
390,908
390,935
391,584
391,616
391,714
391,752
392,419
392,448
392,462
392,479
392,526
392,544
392,548
392,612
392,665
392,729
393,443
393,577
393,688
394,442
394,623
394,877
395,507
395,618
395,729
395,919
395,970
396,480
396,703
396,704
396,710
396,730
396,783
396,786
396,841
396,901
396,905
397,455
397,575
397,584
397,981
398,439
398,589
398,603
398,623
398,667
398,717
398,843
398,909
399,499
399,741
399,785
399,813
399,883
399,970
400,740
400,794
400,808
401,700
401,901
401,927
402,498
402,540
402,717
402,859
403,507
403,510
403,521
403,569
403,734
403,832
403,885
404,589
404,653
404,727
405,566
405,639
405,714
405,749
405,857
406,420
406,466
406,548
406,561
406,693
406,738
406,751
406,790
406,814
406,873
406,891
406,943
406,947
406,958
407,617
407,703
407,857
407,861
408,565
408,717
408,757
408,791
408,942
409,479
409,489
409,576
409,671
409,818
409,988
410,471
410,557
410,727
410,854
410,922
411,419
411,494
411,579
411,688
411,736
411,764
411,805
411,812
411,852
411,855
411,868
411,876
411,884
411,958
412,533
412,780
412,836
412,910
413,500
413,837
413,844
414,691
414,696
414,748
414,824
414,968
415,447
415,637
415,664
415,906
415,948
416,678
416,704
416,906
417,654
417,688
417,742
417,787
417,883
418,530
418,678
418,685
418,709
418,832
418,858
418,864
418,886
418,899
419,430
419,567
419,578
419,814
419,906
419,907
420,519
420,537
420,549
420,779
420,795
420,830
420,945
420,948
421,573
421,843
421,858
421,990
422,492
422,511
422,572
422,580
422,722
422,842
423,650
423,672
423,892
423,930
423,991
424,591
424,802
424,818
424,864
424,999
425,466
425,468
425,492
425,493
425,731
425,735
425,772
425,827
425,974
426,587
426,615
426,803
426,811
426,889
426,903
426,994
427,590
427,635
427,688
427,714
427,821
427,999
428,496
429,470
429,670
429,820
429,844
429,872
429,961
430,433
430,791
430,846
431,482
431,585
431,782
432,590
432,703
432,809
432,987
433,439
433,486
433,501
433,642
433,704
433,833
434,470
434,498
434,542
434,678
434,755
434,778
434,779
434,993
435,450
435,700
435,724
435,831
435,961
436,512
436,817
436,820
436,925
437,503
437,843
437,980
437,984
438,458
438,524
438,563
438,822
438,881
438,884
438,937
439,467
439,701
439,702
439,709
439,756
439,771
439,906
439,956
440,461
440,508
440,539
440,554
440,568
440,574
440,641
440,709
440,792
440,814
440,846
441,541
441,647
441,702
441,963
441,972
442,710
442,730
442,757
442,879
442,960
442,977
443,550
443,732
443,814
443,832
443,858
444,467
444,492
444,515
444,737
445,451
445,513
445,780
445,801
445,892
446,679
446,686
446,716
446,953
447,453
447,576
447,695
447,948
448,565
448,636
448,711
448,760
448,793
449,759
449,863
449,998
450,539
450,572
450,798
451,519
451,544
451,692
452,483
452,539
452,635
452,805
452,894
452,911
453,456
453,547
453,673
453,899
454,499
454,621
454,637
454,650
454,701
454,917
454,986
455,599
455,726
455,736
455,773
455,852
456,478
456,546
456,683
456,727
456,728
456,874
456,885
456,967
457,461
457,486
457,577
457,641
457,666
457,694
457,844
458,467
458,491
458,553
458,580
458,614
458,616
458,631
458,814
458,922
459,570
459,697
459,800
459,913
460,495
460,507
460,523
460,545
460,570
460,716
460,743
460,975
461,552
461,568
461,642
461,768
461,890
461,897
461,965
462,527
462,581
462,875
462,894
462,908
462,952
463,575
463,779
463,791
463,832
463,850
463,880
463,908
463,915
464,479
464,531
464,670
464,682
464,963
464,999
465,587
465,714
465,771
465,787
465,795
465,810
465,814
465,847
465,867
466,479
466,579
466,882
466,943
466,968
467,599
467,614
467,739
467,753
467,871
467,890
467,910
468,509
468,524
468,561
468,708
468,728
468,754
468,791
468,846
468,849
468,902
468,961
469,475
469,714
469,734
469,820
469,848
469,855
469,897
470,590
470,602
470,785
471,502
471,691
471,748
471,865
471,999
472,661
472,719
472,731
472,749
472,955
472,997
473,475
473,488
473,522
473,690
473,772
473,815
474,560
474,818
474,837
474,847
474,975
475,480
475,504
475,577
475,940
476,792
476,802
476,882
477,478
477,766
477,831
477,854
478,678
478,770
478,885
479,507
479,718
479,890
479,914
480,530
480,580
480,586
480,685
480,718
480,888
480,912
480,978
481,516
481,530
481,619
481,804
481,913
481,940
481,954
481,965
481,972
482,612
482,630
482,735
482,763
482,927
483,640
483,680
483,973
484,569
484,574
484,764
484,788
484,823
484,958
484,963
485,619
485,657
485,745
485,876
486,641
486,697
486,916
487,645
487,662
487,746
488,548
488,609
488,611
488,696
488,705
488,712
488,718
488,778
488,854
488,875
488,906
489,566
489,695
489,769
489,935
490,496
490,508
490,873
490,957
491,518
491,612
491,626
491,652
491,657
492,758
492,772
492,859
492,883
492,959
493,550
493,610
493,718
493,768
493,784
493,795
493,822
493,860
493,919
493,932
493,940
493,977
494,652
494,787
494,952
495,655
495,767
495,889
495,995
496,582
496,624
496,642
496,818
497,655
497,709
497,896
498,508
498,513
498,539
498,677
498,789
498,893
498,924
498,989
499,583
499,724
499,782
499,947
499,949
500,663
500,785
500,900
501,558
501,617
502,581
502,620
502,660
502,683
502,871
502,981
503,531
503,624
503,947
504,524
504,642
505,575
505,643
505,680
505,704
505,818
506,544
506,594
506,669
506,795
506,897
507,523
507,564
507,583
507,642
507,743
507,803
507,859
507,879
507,963
508,536
508,548
508,659
508,674
508,825
508,885
508,975
508,992
509,542
509,604
509,610
509,632
509,651
509,848
509,858
509,896
509,906
509,920
509,927
510,553
510,612
510,662
511,550
511,574
511,734
511,947
512,528
512,556
512,616
512,686
513,682
513,828
513,853
513,995
514,650
514,682
514,691
514,955
515,540
515,579
515,595
515,711
515,810
515,848
515,907
515,950
516,740
516,826
516,939
517,585
517,921
518,548
518,682
518,803
519,556
519,685
519,850
519,880
520,588
520,633
520,732
520,777
520,804
520,845
521,690
521,740
521,795
521,824
521,930
521,986
522,745
522,871
523,712
523,861
523,922
523,980
523,981
524,675
524,774
524,803
524,916
524,969
525,590
525,723
525,786
525,902
525,915
525,960
526,583
526,590
526,592
526,672
526,736
526,750
526,821
526,866
526,935
527,578
527,737
527,884
528,624
528,791
528,828
528,918
528,984
528,991
530,611
530,647
530,803
530,952
531,575
531,623
531,758
531,777
531,789
531,809
531,839
531,906
531,995
532,634
532,786
532,800
533,592
533,843
533,862
533,895
533,899
533,933
533,952
534,662
534,706
534,808
534,845
534,877
534,905
535,798
535,871
535,971
536,581
536,676
536,745
536,897
537,640
537,742
537,886
537,910
538,592
538,796
538,826
538,941
538,960
539,592
539,719
539,970
540,580
540,838
540,912
541,555
541,768
541,924
541,969
542,760
543,777
543,861
543,915
544,843
544,975
545,936
545,951
546,686
546,700
546,814
546,821
546,859
546,957
547,856
547,891
547,932
548,773
548,837
548,845
548,986
549,638
549,750
549,752
549,883
549,998
550,579
550,611
550,682
550,710
550,869
550,979
551,592
551,612
551,774
551,793
551,821
551,996
552,682
552,767
552,852
553,616
553,670
553,697
553,894
555,597
555,649
555,914
555,971
556,564
556,643
556,781
556,947
557,566
557,630
557,672
557,905
559,592
559,605
559,699
560,646
560,822
561,646
561,770
561,806
561,913
561,992
562,620
562,680
562,849
562,877
562,885
563,716
563,762
564,697
564,766
564,791
564,830
564,931
565,706
565,802
565,840
565,889
565,902
566,609
566,725
567,602
567,779
567,847
567,967
568,777
568,785
569,627
569,628
569,848
569,855
569,873
570,666
570,689
570,721
570,808
570,941
570,968
571,586
571,612
571,632
571,717
571,735
571,816
572,585
572,708
572,816
573,934
573,988
573,997
574,703
574,714
574,775
574,996
575,599
575,610
575,641
575,800
575,920
576,613
576,626
576,662
576,670
576,678
576,728
576,853
576,996
577,643
577,662
577,786
577,818
577,844
577,849
577,990
578,610
578,641
578,715
578,839
578,857
578,908
579,625
579,684
579,733
579,741
579,849
580,606
580,736
580,884
581,657
581,660
581,773
581,792
581,799
581,948
582,858
583,655
584,600
585,742
586,947
587,631
587,959
587,996
588,819
588,897
589,645
589,917
590,774
590,853
590,989
591,612
591,796
591,871
591,963
592,622
592,714
592,723
592,757
592,847
593,609
593,652
593,836
593,841
594,954
595,631
595,666
595,735
595,777
595,807
595,819
595,852
596,622
596,652
596,690
596,725
596,903
597,722
597,795
598,899
598,918
599,685
599,699
599,785
599,822
599,927
600,614
600,616
600,677
600,885
600,937
600,956
600,973
601,901
602,671
602,684
602,711
602,766
602,799
602,877
602,989
603,763
603,785
603,831
603,955
603,994
604,666
604,754
604,770
604,808
604,814
604,829
604,846
604,875
604,916
604,999
605,624
605,691
605,859
606,627
606,663
606,723
606,763
607,618
607,664
607,674
607,749
607,853
607,892
608,626
608,649
608,657
608,873
608,924
609,642
609,778
609,884
609,915
610,649
610,729
610,779
610,844
610,959
610,987
611,664
611,696
611,897
611,995
612,620
612,648
612,688
612,709
612,801
612,887
613,661
613,665
613,792
613,872
614,660
614,775
614,813
615,616
615,977
615,989
616,794
616,804
616,846
616,925
616,952
618,671
618,751
618,766
618,971
619,642
619,860
619,894
619,968
620,665
620,730
620,760
620,796
621,626
621,683
621,992
622,793
622,929
622,991
623,718
623,821
623,893
624,629
624,653
624,917
624,963
624,967
624,986
625,690
625,788
625,791
625,854
625,978
626,730
626,820
626,863
626,936
627,660
627,717
627,843
628,683
628,785
628,875
629,900
630,745
630,823
630,830
630,892
630,946
630,957
630,994
631,695
631,735
631,771
631,887
632,633
632,786
632,796
632,907
632,999
633,689
633,728
633,868
634,728
634,837
634,842
634,883
634,919
634,933
634,947
635,776
635,852
635,917
635,919
635,988
636,811
637,741
637,747
637,825
637,861
637,884
637,908
637,988
638,694
638,702
638,892
638,975
639,671
639,956
639,988
640,674
640,688
640,692
640,890
640,918
641,725
641,823
641,824
641,863
641,925
641,948
641,993
642,654
642,730
642,738
642,825
642,864
643,886
643,959
644,693
644,845
644,964
645,736
645,822
645,840
645,940
646,695
646,831
646,961
647,770
647,991
648,791
648,937
649,686
649,722
649,743
649,753
649,804
649,929
650,681
650,984
651,694
651,777
651,864
651,921
651,956
652,710
653,702
653,831
653,853
653,962
654,890
654,949
654,995
655,744
655,765
655,836
655,837
655,853
655,907
656,767
656,786
656,873
656,883
656,954
657,728
657,741
657,753
657,764
657,834
658,910
658,965
659,677
659,697
659,942
660,900
660,994
661,712
661,749
661,761
661,785
661,789
661,889
661,905
662,865
662,934
663,684
663,725
663,782
663,829
663,889
663,923
663,976
664,834
665,710
665,755
665,769
665,809
665,873
665,959
666,743
666,786
666,868
667,703
668,775
668,845
668,898
669,788
669,905
669,957
670,804
670,958
670,995
671,697
671,746
671,754
671,908
671,955
672,869
672,924
673,685
673,711
673,755
673,802
673,886
673,910
673,952
673,967
675,734
675,976
676,744
676,940
677,854
677,857
678,687
678,755
678,835
678,855
678,865
678,955
678,977
679,792
679,801
679,812
679,932
679,969
680,769
680,793
681,810
681,849
682,695
682,800
683,710
684,799
684,829
684,838
684,883
684,959
684,985
685,738
685,795
685,876
685,923
685,993
686,755
686,893
687,890
688,835
689,934
689,998
691,811
691,878
692,737
692,742
692,814
692,840
692,974
693,755
694,701
694,763
694,908
694,917
696,731
696,752
698,764
698,825
698,946
698,995
699,862
699,925
700,767
700,823
700,833
700,955
701,729
701,789
701,921
701,952
702,746
702,880
702,890
702,938
705,721
705,774
705,915
706,756
706,852
706,879
706,914
707,851
707,856
708,808
708,886
708,976
709,777
709,801
710,716
710,912
711,752
711,874
712,752
712,756
712,811
712,819
712,844
712,962
712,993
713,824
713,889
713,912
714,824
714,985
715,725
715,806
715,816
715,912
716,734
716,795
716,818
716,823
716,913
717,766
717,832
717,878
717,994
718,802
718,992
719,902
719,936
719,967
720,842
720,946
720,987
720,990
722,734
722,777
722,868
722,928
723,793
724,805
724,904
724,972
726,872
726,934
727,936
727,980
727,989
728,782
728,808
728,962
728,985
728,995
729,846
729,945
730,983
731,879
732,737
732,848
732,932
733,863
734,828
734,857
734,889
735,874
735,910
736,762
736,771
736,849
736,904
736,996
737,801
738,884
739,880
739,909
739,910
740,762
740,864
740,981
741,749
741,886
741,956
741,982
742,751
742,868
742,904
742,980
742,987
743,776
743,885
743,934
744,868
744,876
744,897
744,925
745,791
745,985
746,893
746,946
747,804
747,865
747,935
748,987
749,801
749,866
750,961
750,979
750,996
751,796
751,805
752,785
752,872
753,813
753,994
754,835
754,836
754,884
755,934
755,966
756,762
756,818
756,830
756,879
758,823
758,840
759,947
760,787
760,893
761,765
761,772
761,877
761,890
762,823
762,824
762,830
762,926
764,838
766,858
766,877
766,895
766,914
768,957
769,807
769,932
769,938
769,971
769,981
770,794
770,905
770,915
770,996
771,862
771,970
772,986
772,998
773,774
773,804
773,950
773,956
774,849
774,929
775,802
776,785
776,937
776,986
776,994
777,835
777,840
777,845
777,884
777,904
777,916
778,854
779,966
782,958
782,964
783,787
783,795
783,925
783,973
783,995
784,842
784,890
786,809
786,875
786,912
786,927
788,789
789,810
789,830
790,816
791,938
791,960
791,983
793,888
793,982
794,900
795,875
795,892
795,918
795,953
795,955
796,828
796,874
796,987
797,897
797,920
799,840
799,921
799,963
800,808
800,856
801,892
802,861
803,814
803,845
803,848
803,856
803,930
803,998
804,899
804,978
805,868
805,895
806,876
806,894
806,984
807,916
807,952
808,872
808,937
808,995
809,844
809,903
811,966
812,873
812,890
812,972
813,850
813,886
813,927
813,980
814,847
814,855
815,828
815,871
815,883
815,943
816,820
818,848
818,851
819,857
819,881
819,884
820,876
821,932
821,985
822,957
824,891
824,967
824,975
824,998
825,948
825,986
825,998
827,885
828,982
829,876
829,969
830,854
830,907
830,991
831,837
831,990
832,920
834,843
834,879
835,893
835,959
836,868
836,971
837,874
837,967
838,862
839,844
839,864
839,996
840,863
841,852
841,928
841,987
841,989
843,949
844,912
844,954
844,960
844,986
845,919
846,917
846,927
847,877
847,886
847,940
847,965
847,981
848,865
848,946
849,863
850,989
851,916
851,980
852,908
852,968
852,976
853,858
853,971
854,886
854,912
854,944
854,972
855,934
855,937
855,970
856,918
857,881
857,953
858,973
859,987
862,901
862,929
862,940
862,982
862,998
863,872
863,943
863,970
864,960
865,909
866,912
866,925
866,973
868,904
868,932
868,947
868,965
868,979
869,895
870,932
874,876
875,900
875,903
875,957
876,919
881,941
882,982
882,990
883,917
883,933
883,957
883,975
884,890
884,988
884,998
885,919
885,943
885,960
886,906
886,925
887,930
887,965
887,989
888,921
888,974
888,991
890,977
893,912
895,944
897,926
898,903
898,955
899,900
899,911
899,924
899,932
899,994
899,996
900,959
900,975
902,954
902,989
903,909
904,916
906,942
908,913
908,918
908,956
909,988
913,947
914,919
915,936
918,950
919,947
919,982
920,923
920,989
921,957
922,952
922,969
928,960
929,983
929,999
930,963
930,980
930,987
932,997
934,944
934,991
936,956
936,964
937,944
937,996
940,956
941,965
943,954
944,984
944,992
945,964
946,955
947,981
948,987
949,992
950,968
967,987
969,975
972,977
973,986
974,978
974,982
974,998
976,983
976,992
977,983
979,981
986,988
992,993
995,999
